﻿Designator,Footprint,Quantity,Value,LCSC Part #
"C1, C4",0603,2,0.1u,
C2,0805,1,10u,
C3,0805,1,22u,
"D1, D10, D2, D3, D4, D5, D6, D7, D8, D9",0603,10,LED,
J1,USB_C_Receptacle_GCT_USB4105-xx-A_16P_TopMnt_Horizontal,1,USB_C_Receptacle_USB2.0_14P,
Q1,SOT-23,1,BSS138,
"R1, R2, R21, R7",0603,4,10k,
"R10, R11, R12, R13, R14, R15, R16, R17, R8, R9",0603,10,1k,
"R18, R19",0603,2,75k,
R20,0603,1,24k,
"R22, R23",0603,2,47k,
"R5, R6",0603,2,2.2k,
"SW1, SW2",4P-3.4x3.4mm,2,SW_Push,
TP1,TestPoint_Pad_1.5x1.5mm,1,TestPoint,
U1,XCVR_ESP32-C6-WROOM-1-N8,1,ESP32-C6-WROOM-1-N8,
U2,CONV_MPM3610GQV-P,1,MPM3610GQV-P,
